,0_RfR 0,0_RfR 1,0_RfR 2,1_RfR 0,1_RfR 1,1_RfR 2,2_RfR 0,2_RfR 1,2_RfR 2,3_RfR 0,3_RfR 1,3_RfR 2,4_RfR 0,4_RfR 1,4_RfR 2,EWS_DaysToThreat,A.1_DikeIncrease 0,A.1_DikeIncrease 1,A.1_DikeIncrease 2,A.2_DikeIncrease 0,A.2_DikeIncrease 1,A.2_DikeIncrease 2,A.3_DikeIncrease 0,A.3_DikeIncrease 1,A.3_DikeIncrease 2,A.4_DikeIncrease 0,A.4_DikeIncrease 1,A.4_DikeIncrease 2,A.5_DikeIncrease 0,A.5_DikeIncrease 1,A.5_DikeIncrease 2,Expected Annual Damage,Dike Investment Costs,RfR Investment Costs,Evacuation Costs,Expected Number of Deaths,Total Investment Costs
0,1,1,0,0,0,0,0,0,1,1,1,0,0,0,0,2,1,0,0,7,0,0,6,0,0,6,5,6,7,0,2,2660061.7815977326,260835683.33105445,442300000.0,144.3140237793582,0.00020066225209559093,703135827.6450782
1,0,0,0,0,0,0,1,1,1,0,0,0,0,0,0,0,3,2,6,6,0,0,5,3,0,9,2,3,7,0,1,196836.52020825463,394958967.6486168,92100000.0,0.0,0.0001133739577789178,487058967.6486168
2,0,0,1,0,0,0,0,0,1,0,0,0,0,0,0,1,3,0,0,7,0,0,7,5,9,9,2,4,7,0,3,196836.52020825463,371727602.28580976,115300000.0,5.702951344683286,4.08146248004104e-05,487027607.9887611
3,1,0,0,0,0,0,1,1,1,1,1,0,0,0,0,1,0,2,0,7,0,0,10,0,0,9,6,5,7,0,0,7547619.152223371,252476496.43510166,419100000.0,38.84834764698117,0.0017138583054730422,671576535.2834493
4,0,1,1,0,0,0,0,1,1,0,0,1,0,0,0,1,6,0,0,7,0,0,5,0,0,6,0,2,3,0,3,11626034.404652147,248309376.97204626,351800000.0,339.0985326677775,0.001903139991198213,600109716.0705789
5,0,0,0,0,0,0,0,0,1,0,0,0,0,0,0,3,3,0,0,6,0,0,7,0,1,5,5,0,5,0,3,29617373.64528075,264983087.7482687,30700000.0,1891.4301992047726,0.002234836463584815,295684979.1784679
6,0,0,0,0,0,0,0,0,1,0,0,0,0,0,0,3,3,0,0,7,0,0,3,2,0,0,2,5,0,0,2,204211027.75036222,211072288.6858988,30700000.0,13190.991318260483,0.018298116050816212,241785479.67721707
7,0,0,0,0,0,0,0,0,0,0,0,0,0,0,0,3,3,0,0,6,3,0,7,4,6,6,4,5,7,1,1,16405421.711025596,428494729.68174094,0.0,955.1998494348015,0.0015274857660856989,428495684.88159037
8,1,1,0,0,0,0,1,0,1,1,0,0,0,0,0,1,0,0,0,4,0,0,3,0,0,6,4,5,4,0,2,34971799.570227034,182415210.8345096,351800000.0,909.6391176855648,0.010545496437924809,534216120.47362727
9,1,1,1,0,0,0,0,1,1,0,1,0,0,0,0,1,0,0,0,7,0,0,7,0,0,6,2,6,7,0,0,6032757.363892021,189754785.73270458,436400000.0,185.05825643271987,0.0010525913881841563,626154970.790961
10,0,0,0,0,0,0,0,0,1,0,0,0,0,0,0,3,3,0,0,6,0,0,3,0,6,9,7,2,7,0,0,54481360.331347,261450259.63365299,30700000.0,2181.5080798174304,0.009211677468185377,292152441.1417328
11,0,0,0,0,0,0,0,1,1,0,1,0,0,0,0,2,3,0,0,6,0,0,4,0,0,9,1,5,4,0,0,22250631.260825627,210302839.3948217,182600000.0,1044.1286770837103,0.0029207694678314855,392903883.5234988
12,1,1,0,0,0,0,0,0,0,1,0,0,0,0,0,3,3,0,0,7,0,0,6,0,1,6,6,1,7,0,1,9251305.49488667,285152658.88411915,290400000.0,510.4410575397287,0.00099265078923447,575553169.3251767
13,1,0,0,0,0,0,0,1,1,0,0,0,0,0,0,0,0,0,0,3,0,0,1,0,0,6,3,2,3,0,1,141593391.7195085,159035121.05565506,146000000.0,0.0,0.14106750729677583,305035121.05565506
14,0,0,0,0,0,0,1,0,1,0,0,0,0,0,0,3,3,0,0,6,0,0,7,4,1,9,4,5,7,0,2,10450207.80229057,332817706.36661136,61400000.0,532.8240682147432,0.0011410574937283252,394218239.19067955
15,1,0,0,0,1,0,1,1,1,1,1,0,0,0,0,2,1,0,0,7,0,0,3,0,0,6,3,1,5,0,0,2660061.7815977326,198365756.19229645,636900000.0,144.3140237793582,0.00020066225209559093,835265900.5063202
16,0,1,0,0,0,0,1,0,1,1,0,0,0,0,0,0,0,0,0,5,0,0,7,0,0,1,3,5,0,0,2,121036048.5515774,148933980.27965605,267200000.0,0.0,0.0646410432502589,416133980.27965605
17,1,1,0,0,0,0,1,0,1,1,1,0,0,0,0,2,0,0,0,7,0,0,4,3,0,10,4,2,4,0,3,0.0,241179656.38178715,473000000.0,0.0,0.0,714179656.3817872
18,1,1,0,0,0,0,1,1,1,0,0,0,0,0,0,2,0,0,0,0,0,0,0,0,0,5,3,0,4,0,0,451613489.0290331,54445733.69250119,261300000.0,19696.54762617696,0.05388556092748178,315765430.2401274
19,0,0,0,0,0,1,1,1,0,0,1,0,0,0,0,2,0,0,0,2,0,0,0,0,1,6,2,3,0,0,0,241832932.3977251,95734307.59031141,400400000.0,8955.652334707342,0.03436036132044475,496143263.2426461
20,0,1,1,0,0,0,1,0,0,1,1,0,0,0,0,0,0,0,0,7,0,0,7,0,0,5,2,5,7,0,0,6330423.389443198,185476470.20690128,442300000.0,0.0,0.0029125935477309715,627776470.2069013
21,0,0,0,0,0,0,0,0,0,0,0,0,0,0,0,0,3,0,0,7,0,0,7,3,1,6,3,3,7,6,1,17151876.031896263,377112346.15272146,0.0,0.0,0.013272193188095383,377112346.15272146
22,1,1,1,0,0,0,1,0,1,1,1,1,0,0,0,2,0,0,0,7,0,0,5,2,3,10,4,1,3,0,0,0.0,233371416.4414664,678800000.0,0.0,0.0,912171416.4414663
23,0,0,0,0,0,0,0,0,0,0,0,0,0,0,0,0,3,0,1,7,0,7,7,7,0,7,5,5,7,1,0,10986819.59352512,442743277.47411335,0.0,0.0,0.008308626430062038,442743277.47411335
24,1,0,0,0,0,0,1,1,0,0,1,0,0,0,0,1,0,0,0,1,0,0,0,0,3,4,3,2,0,0,0,335405550.23602366,91084050.05747327,267200000.0,8206.019208951204,0.09854272097667267,358292256.07668227
25,0,1,1,1,0,0,1,0,1,1,0,0,0,0,0,2,0,0,0,7,1,0,5,0,0,6,3,1,7,0,0,4706850.085017579,226174323.8858923,569600000.0,255.73092734335734,0.00035439525125585697,795774579.6168196
26,1,0,1,0,0,0,1,0,0,1,1,0,0,0,0,0,0,3,0,7,0,0,7,0,1,7,5,3,8,0,0,956617.6935614672,264890962.99238774,442300000.0,0.0,0.0005046807111888202,707190962.9923878
27,0,0,0,0,0,0,1,1,1,0,0,0,0,0,0,0,3,0,0,7,0,0,7,7,0,6,1,2,4,3,1,10572929.10469036,322490504.3168556,92100000.0,0.0,0.005101228454979603,414590504.3168556
28,1,1,0,0,0,0,0,1,1,0,0,0,0,0,0,0,0,0,0,0,0,0,0,0,0,6,4,2,0,0,0,636997608.6519254,34707224.28613159,230600000.0,0.0,0.5306026902537804,265307224.2861316
29,0,0,1,0,0,0,0,1,1,1,0,0,0,0,0,2,0,0,0,0,3,0,1,0,0,0,2,2,0,0,0,360305705.1592525,83315795.82314917,267200000.0,16185.560073178447,0.040457143825091225,350531981.3832224
30,0,0,0,0,0,0,0,1,0,0,0,0,0,0,0,0,0,0,0,0,0,0,0,0,0,7,0,5,0,0,0,3571002402.2059736,28265438.623856276,30700000.0,0.0,2.441219813612367,58965438.623856276
31,0,0,0,0,0,0,0,0,1,0,0,0,0,0,0,0,3,0,1,7,3,0,7,3,3,9,4,1,7,0,0,196836.52020825463,396234503.4404442,30700000.0,0.0,0.0001133739577789178,426934503.4404442
32,0,0,0,0,0,0,1,0,1,0,0,1,0,0,0,1,3,0,0,6,0,0,1,0,0,5,2,2,7,0,0,86578338.91877495,201847835.70781416,182600000.0,2005.143728102039,0.04553908453761442,384449840.85154223
33,0,0,0,0,0,0,0,1,0,0,0,0,0,0,0,0,1,0,0,0,0,0,1,1,0,7,0,2,0,0,0,1064795678.1564529,97525039.78817338,30700000.0,0.0,0.8170313346958216,128225039.78817338
34,1,0,0,0,0,0,1,1,1,0,0,0,0,0,0,0,0,0,0,1,0,0,0,0,0,0,4,2,0,0,0,471053466.6298688,56327119.23990454,176700000.0,0.0,0.3424439165825518,233027119.23990452
35,0,0,0,0,0,0,1,1,0,0,0,0,0,0,0,0,3,0,0,7,0,0,7,7,0,6,0,2,3,7,0,15699085.659060217,293912551.35271996,61400000.0,0.0,0.007242484749272844,355312551.35271996
36,0,0,0,0,0,1,1,1,0,0,0,0,0,0,0,1,0,0,0,0,0,0,0,0,0,3,5,1,0,0,0,670202644.2233377,28966176.122928537,279200000.0,17050.247469649283,0.19771995499424422,308183226.3703982
37,0,0,0,0,0,0,1,0,0,0,0,0,0,0,0,1,1,0,0,5,0,0,2,0,3,4,0,5,0,0,0,602799778.3727705,162509057.2162886,30700000.0,12828.666289314482,0.16934353682582826,193221885.8825779
38,0,0,0,0,0,0,0,0,1,0,0,0,0,0,0,3,3,0,3,7,3,0,6,0,0,6,3,5,7,0,0,6712576.910143925,336409958.29962754,30700000.0,440.1888347625822,0.0004110872075044701,367110398.4884623
39,0,1,1,0,0,0,0,0,0,1,1,0,0,0,0,0,0,0,0,7,0,0,7,1,0,5,0,5,4,0,3,11691005.391494311,225476039.50263622,411600000.0,0.0,0.004815825673084303,637076039.5026362
40,1,0,0,0,0,0,0,1,0,0,0,0,0,0,0,0,0,0,0,7,0,0,4,0,0,4,2,5,3,0,0,156659045.81779778,161693429.81014034,115300000.0,0.0,0.1667931077622512,276993429.8101404
41,1,1,0,0,0,0,0,0,1,1,0,0,0,0,0,0,0,0,0,7,0,0,4,0,0,5,1,2,4,0,1,38883119.73984177,189250411.34949884,321100000.0,0.0,0.04230539222737563,510350411.34949887
42,1,0,0,0,0,1,1,1,0,0,0,0,0,0,0,1,0,0,0,3,0,0,1,1,0,0,1,2,0,0,0,260282107.60882118,103038342.82879177,363800000.0,8085.981205762151,0.056174131264992495,466846428.8099975
43,0,0,0,0,0,0,1,0,1,0,0,0,0,0,0,2,3,0,0,0,0,0,0,0,2,6,3,2,0,0,1,628846540.7409153,122345599.70694283,61400000.0,27185.397881166613,0.07720351047833979,183772785.104824
44,0,1,0,0,0,0,0,0,1,0,1,0,0,0,0,3,0,0,0,7,0,0,4,0,0,6,2,3,4,0,0,44389268.62234987,165712550.6619451,236500000.0,1237.5107520976721,0.005345800810019237,402213788.1726972
45,0,0,0,0,0,0,0,0,0,0,0,0,0,0,0,2,7,0,0,0,0,0,3,0,0,7,0,0,0,0,0,1027650847.559819,106598687.18891259,0.0,44533.98432723637,0.12404654993014208,106643221.17323983
46,0,1,0,0,0,0,1,1,0,0,0,1,0,0,1,2,0,0,0,0,0,0,0,0,0,2,0,3,0,0,0,505652137.8008188,16373078.863592021,523300000.0,21312.65841651099,0.058886554081854746,539694391.5220085
47,1,1,0,0,0,0,0,0,1,0,0,0,0,0,0,3,0,0,0,7,0,0,7,0,0,5,1,2,4,0,0,48074456.84754634,168429769.49665904,199900000.0,3354.0083161562907,0.004222787042761146,368333123.5049752
48,0,1,0,0,0,0,1,1,0,0,0,0,0,0,0,1,3,0,1,7,0,0,5,0,3,10,3,2,7,0,0,0.0,296947700.48065346,146000000.0,0.0,0.0,442947700.48065346
49,0,0,0,0,0,0,0,0,0,0,0,0,0,0,0,2,0,0,0,0,0,0,0,0,0,4,1,2,0,0,0,5375221156.5871315,25598630.615849145,0.0,124230.93918629747,0.723121798994127,25722861.555035442
50,1,1,0,0,0,0,0,0,0,0,0,0,0,0,0,2,0,0,0,7,0,0,5,0,0,6,2,2,3,0,2,118604422.3217679,194117890.6388043,169200000.0,4338.818711704687,0.02184409563935199,363322229.457516
51,1,1,0,0,1,1,0,1,1,1,1,1,0,0,0,2,0,0,0,7,0,0,5,0,0,4,1,5,0,0,0,36930787.749320075,132132747.1561001,1029800000.0,1973.984899255822,0.003916409636573743,1161934721.1409993
52,0,1,0,0,1,0,1,1,1,1,1,1,0,0,1,2,0,0,0,0,0,0,0,0,0,4,1,2,0,0,0,308386526.19951224,25598630.615849145,1014200000.0,13481.848618699838,0.03658034136850831,1039812112.4644679
53,0,1,0,0,1,0,0,1,1,1,1,0,0,0,1,1,0,0,0,7,0,0,7,0,0,7,2,3,7,0,1,901889.6303375394,218382897.10007492,862300000.0,29.270203302353696,0.00016472028174287142,1080682926.3702784
54,0,0,0,0,0,0,0,0,0,0,0,0,0,0,0,2,3,0,0,7,0,0,6,0,3,5,1,5,3,0,0,85547445.51613016,239047104.43308154,0.0,4304.611007462381,0.012324199812886096,239051409.044089
55,0,0,0,0,0,1,1,1,1,0,0,0,0,0,0,2,5,0,0,6,0,0,4,0,0,10,4,2,7,1,0,0.0,267977811.84353447,309900000.0,0.0,0.0,577877811.8435345
56,1,0,0,0,0,0,0,0,0,0,0,0,0,0,0,3,0,0,0,0,0,0,0,1,0,6,0,1,0,0,0,1668997554.9164405,40618350.83397943,84600000.0,85743.59978783385,0.21760894183680235,125304094.43376726
57,0,1,0,0,1,0,0,0,1,1,0,0,0,0,0,1,0,0,3,7,0,0,5,0,0,7,2,3,7,0,1,2856187.343263411,255251238.1467376,454300000.0,89.77497646107832,0.0005423850131543324,709551327.9217141
58,0,1,1,0,0,0,1,0,1,1,1,1,0,0,0,2,0,0,0,6,0,0,7,1,0,6,0,1,5,0,0,5788854.544488095,182944287.00716263,594200000.0,287.8077605984904,0.00036319161074052127,777144574.8149232
59,0,0,0,0,0,0,1,0,0,0,0,0,0,0,0,2,1,0,0,0,0,0,0,0,0,3,3,0,0,0,0,1632372043.1736846,50498246.09435868,30700000.0,61111.778418875016,0.25108116304767325,81259357.87277755
60,1,1,1,0,0,1,0,0,0,1,1,1,0,0,0,0,0,0,0,7,0,0,5,0,0,4,1,5,0,0,0,40352613.69095512,132132747.1561001,835200000.0,0.0,0.032059435640803345,967332747.1561
61,0,0,0,0,0,0,0,0,0,0,0,0,0,0,0,0,3,0,0,0,0,0,0,7,0,0,1,2,0,0,0,1539576048.358565,90416491.37661755,0.0,0.0,1.5927725129126036,90416491.37661755
62,1,0,0,0,0,0,0,0,0,0,0,0,0,0,0,2,0,0,0,0,0,0,0,0,0,0,2,0,0,0,0,2565146183.627564,7332080.219521779,84600000.0,104439.11356389686,0.46800152784258686,92036519.33308567
63,0,0,0,0,0,0,0,1,0,0,0,0,0,0,0,0,3,0,0,0,0,0,0,0,0,3,1,1,0,0,0,1403583304.805934,64966117.84971805,30700000.0,0.0,1.5244415716611808,95666117.84971805
64,1,0,0,0,0,0,0,0,1,0,0,0,0,0,0,2,0,0,0,0,0,0,0,0,0,0,1,2,0,0,0,1496801708.6789114,13903423.98391871,115300000.0,63023.85925786563,0.2338830335033631,129266447.84317657
65,0,0,0,0,0,0,1,1,0,0,0,0,0,0,0,0,0,0,0,0,0,0,0,0,0,4,1,1,0,0,0,3131491684.8258433,24402350.586868413,61400000.0,0.0,1.966278909047217,85802350.5868684
66,1,0,0,0,0,0,0,0,0,0,0,0,0,0,0,2,0,0,0,0,0,0,0,0,0,2,0,1,0,0,0,2542327806.2684507,14092235.304915495,84600000.0,102876.06981186479,0.4670673364541107,98795111.37472735
67,0,0,0,0,0,0,0,0,0,0,0,0,0,0,0,2,3,0,0,0,0,0,3,0,0,0,0,2,0,2,0,1087562476.1214614,101399848.29291469,0.0,48112.67886587606,0.1263502508280923,101447960.97178057
68,1,1,1,0,0,0,0,0,1,1,0,0,0,0,0,0,0,0,0,6,0,0,7,0,0,6,0,2,7,0,0,21431988.511162706,166016399.87138325,405700000.0,0.0,0.01443433797018126,571716399.8713832
69,1,1,0,0,1,0,0,1,1,1,1,1,0,0,1,2,0,0,0,7,0,0,5,0,0,4,2,6,0,0,0,35412533.12028241,135593595.9082082,1068100000.0,1759.4460990987911,0.004112385220356597,1203695355.3543072
70,0,0,0,0,0,1,1,1,1,1,1,1,0,0,1,0,0,0,0,4,0,0,2,0,0,4,3,6,0,0,0,58165678.44395892,110814925.37521955,929600000.0,0.0,0.041895509993372444,1040414925.3752196
71,0,0,0,0,0,0,0,0,0,0,0,0,0,0,0,0,0,0,0,0,0,0,0,0,0,3,2,0,0,0,0,5376013599.336941,16563094.679399516,0.0,0.0,4.8211231120867435,16563094.679399516
72,1,1,0,0,0,1,0,0,0,1,1,1,0,0,0,1,0,0,0,7,0,0,5,0,0,4,1,6,0,0,0,40352613.69095512,133928073.8586634,750600000.0,1255.9518272527484,0.011541396830689204,884529329.8104907
73,0,0,0,0,0,0,1,0,0,0,0,0,0,0,0,3,0,0,0,0,0,0,0,0,0,0,1,2,0,0,0,3611105377.2726183,13903423.98391871,30700000.0,67024.36006768276,0.2942484408969595,44670448.34398639
74,0,0,0,0,0,0,0,0,0,0,0,0,0,0,0,1,3,3,1,7,1,0,7,7,0,9,4,5,7,1,2,3464564.9345852844,488632071.17832994,0.0,87.67980137171546,0.0011976176564582513,488632158.8581313
75,0,0,0,0,0,0,0,0,0,0,0,0,0,0,0,0,0,0,0,0,0,0,3,0,0,2,2,0,0,0,0,3892072754.5086384,39371841.084089756,0.0,0.0,2.5511231392310116,39371841.084089756
76,1,0,0,0,0,0,0,1,0,0,0,0,0,0,0,0,0,0,0,0,0,0,0,0,0,3,1,2,0,0,0,1426896582.444241,23831364.991512045,115300000.0,0.0,1.5386595707416755,139131364.99151206
77,1,0,0,0,0,0,1,0,1,0,0,0,0,0,0,1,0,0,0,3,0,0,6,0,0,4,2,2,0,0,0,500819777.7064412,106293257.71899027,146000000.0,14095.580130936569,0.14306595857073057,252307353.2991212
78,0,0,0,0,0,0,1,0,0,0,0,0,0,0,0,0,3,0,0,0,0,0,0,3,0,0,1,2,0,0,0,1091941496.4210155,80392962.08965638,30700000.0,0.0,0.9748619881888664,111092962.08965638
79,1,0,0,0,0,0,1,1,0,0,0,0,0,0,0,1,1,0,0,0,0,0,0,0,0,3,0,2,0,0,0,656357395.1867106,49257995.77356145,146000000.0,17245.084761071677,0.19349268242318712,195275240.85832253
80,1,0,0,0,0,0,0,0,1,0,0,0,0,0,0,0,0,0,0,0,0,0,6,0,0,5,0,1,0,0,0,859320217.4270096,49944675.49986429,115300000.0,0.0,0.6818164851196755,165244675.49986428
81,0,0,0,0,0,0,0,0,0,0,0,0,0,0,0,0,1,0,0,0,0,0,0,0,0,3,2,0,0,0,0,2742706185.706441,49257995.77356145,0.0,0.0,3.2472924508243337,49257995.77356145
82,0,1,1,0,0,0,0,0,0,1,0,0,0,0,0,2,0,0,0,4,0,0,3,0,0,3,1,7,0,0,0,240245067.3947934,109314363.3331523,290400000.0,11475.01581911494,0.03542294260124966,399725838.3489714
83,0,0,0,0,0,0,1,0,0,0,0,0,0,0,0,2,0,0,0,0,0,0,3,0,0,2,0,1,0,0,0,3392203419.6183805,38290267.756276876,30700000.0,44485.929605833095,0.324490837405594,69034753.6858827
84,0,0,0,0,0,1,1,1,0,1,1,1,0,0,1,0,0,0,0,5,0,0,2,0,0,4,1,6,0,0,0,58761143.74182121,113392147.58664884,898900000.0,0.0,0.041091324374370145,1012292147.5866488
85,0,0,0,0,0,0,0,0,0,0,0,0,0,0,0,1,1,0,0,4,0,0,6,0,0,6,3,6,0,1,0,606792438.2484827,182448259.2372403,0.0,12266.259358149597,0.16990205961040505,182460525.49659845
86,0,0,0,0,0,0,1,0,0,0,0,0,0,0,0,0,2,0,0,0,0,1,1,0,0,5,0,1,0,0,0,796075130.0317456,114345490.59733951,30700000.0,0.0,0.6301286720242685,145045490.5973395
87,0,0,0,0,0,0,1,0,0,0,0,0,0,0,0,0,0,0,0,0,0,0,0,0,0,2,0,1,0,0,0,3576917414.2626467,14092235.304915495,30700000.0,0.0,2.443255780109529,44792235.304915495
88,1,0,0,0,1,0,0,0,1,1,1,1,0,0,1,2,0,0,0,7,0,0,6,2,0,6,1,6,3,0,0,836215.954468827,198427933.09213114,952800000.0,47.0104294586174,6.0151063583644684e-05,1151227980.1025605
89,0,0,0,0,0,0,0,0,0,0,0,0,0,0,0,0,1,0,0,0,0,0,0,0,0,2,0,1,0,0,0,2747828755.0133047,46787136.39907743,0.0,0.0,3.249017298528932,46787136.39907743
90,0,0,0,0,0,0,0,0,0,0,0,0,0,0,0,2,0,0,0,0,0,0,2,0,0,0,1,2,0,0,0,3919090753.55842,36071242.182722464,0.0,68301.89391240993,0.38376286235289336,36139544.07663488
91,1,0,0,0,0,0,1,0,1,1,0,1,0,0,0,3,0,0,0,0,5,0,7,0,0,0,3,0,0,0,0,270495181.76954,102085072.36566989,388400000.0,15755.508769970942,0.02111549621791231,490500827.8744399
92,0,0,0,0,0,0,1,0,0,0,0,0,0,0,0,1,1,0,0,0,0,0,0,0,0,2,0,1,0,0,0,1668598284.3875685,46787136.39907743,30700000.0,38015.59058080865,0.6068447107734899,77525151.98965824
93,0,0,0,0,0,0,1,1,0,0,0,0,0,0,0,2,0,0,0,0,0,0,0,0,0,0,3,3,0,0,0,3163839148.926756,17803345.000196747,61400000.0,34947.64218005717,0.29632115243800045,79238292.64237681
94,1,0,0,0,0,0,0,0,0,0,0,0,0,0,0,2,0,0,0,3,0,0,5,0,1,0,1,2,0,0,0,355632638.17581713,114557291.18205555,84600000.0,16614.991762827467,0.033900658468151566,199173906.17381835
95,0,1,0,0,1,0,0,1,1,1,1,1,0,0,1,2,0,0,0,7,0,0,5,0,0,3,2,4,3,0,0,15761429.220334556,160497269.664625,983500000.0,906.9809129857816,0.0009504950645786089,1143998176.6455379
96,0,0,0,0,0,0,0,0,0,0,0,0,0,0,0,3,0,0,0,0,0,0,0,0,0,0,1,0,0,0,0,5407150154.3224745,6320800.309666242,0.0,156940.27930239367,0.5796117094656045,6477740.5889686365
97,0,1,0,0,0,0,0,0,0,0,0,0,0,0,0,0,0,0,0,0,0,0,3,0,1,0,0,0,0,0,0,1126607313.7879968,46650169.32145682,84600000.0,0.0,0.8616502039710943,131250169.32145682
98,0,0,0,0,0,0,0,0,0,0,0,0,0,0,0,3,0,0,0,0,0,0,1,0,0,0,1,0,0,0,0,4125428803.6996455,26620087.93698693,0.0,94469.69921792616,0.3459107924453645,26714557.636204857
99,0,1,0,0,0,0,0,0,0,0,0,0,0,0,0,1,0,0,0,0,0,0,0,0,0,0,0,2,0,0,0,2593183530.0711975,7332080.219521779,84600000.0,63793.56023711346,1.1252472563330465,91995873.77975889
100,0,0,0,0,0,0,0,0,0,0,0,0,0,0,0,1,2,1,0,7,0,0,7,7,0,8,4,6,7,0,0,23997368.313958857,314880060.89040405,0.0,392.7481075319879,0.006884729689577855,314880453.6385116
101,1,0,1,0,0,0,0,0,0,1,1,0,0,0,0,2,0,0,0,7,0,0,7,0,0,4,0,0,0,0,0,48893689.22528301,117232207.37143625,411600000.0,2794.0611126579247,0.003136864743222381,528835001.4325489
102,0,0,0,0,0,0,0,0,0,0,0,0,0,0,0,1,1,0,0,0,0,0,0,0,0,2,0,0,0,0,0,2749029981.8010883,40026981.31368371,0.0,63304.08482127734,1.1698446972919203,40090285.39850499
103,0,0,0,0,0,0,0,0,0,0,0,0,0,0,0,3,6,0,0,0,0,0,1,0,0,2,0,1,0,0,0,1238000250.1738782,95108835.77533105,0.0,65146.91959099098,0.1382737283394288,95173982.69492204
104,1,0,1,0,0,0,0,0,0,0,1,0,0,0,0,2,0,0,0,7,0,0,4,0,0,3,0,2,0,0,0,164570438.56675684,116281924.4926546,290400000.0,7809.382565084201,0.02345159939181241,406689733.8752197
105,0,0,0,0,0,0,1,0,0,0,0,0,0,0,0,0,1,0,0,0,0,0,3,0,0,2,1,6,0,0,0,1086441181.2174406,84906488.79458964,30700000.0,0.0,0.8248568626104708,115606488.79458964
106,0,0,0,0,0,0,1,1,0,0,0,0,0,0,0,0,3,0,0,4,0,0,0,0,0,3,0,2,2,0,0,408395853.40241706,139791403.90164196,61400000.0,0.0,0.5048037790092129,201191403.90164196
107,1,0,1,0,1,1,0,1,1,1,1,1,0,0,1,2,0,0,0,7,0,0,5,0,0,4,1,6,0,0,0,35233739.23257499,133928073.8586634,1285900000.0,1770.2726084143978,0.003993144427228078,1419829844.1312718
108,0,0,0,0,0,0,1,1,0,0,0,0,0,0,0,0,0,1,0,0,0,0,0,0,0,4,0,2,0,0,0,1600408922.6451638,50776898.38230242,61400000.0,0.0,1.1093240245279594,112176898.38230242
109,0,0,0,0,0,0,0,0,0,0,0,0,0,1,0,0,0,0,0,0,0,0,0,0,0,0,1,0,0,0,0,5145516378.057185,6320800.309666242,256100000.00000003,0.0,4.4396920161978475,262420800.30966628
110,1,1,0,0,1,0,0,0,1,1,1,1,0,1,1,2,0,0,0,7,0,0,5,0,0,4,2,4,3,0,0,2313696.1850986634,162408071.03521043,1293500000.0,134.02055771347995,0.00015119845345783718,1455908205.055768
111,0,0,0,1,1,1,0,0,1,1,1,1,0,0,0,0,0,0,0,7,0,0,7,0,0,7,4,3,4,0,0,162181.8790622802,179675167.5257612,1047700000.0,0.0,8.353408880066844e-05,1227375167.5257611
112,0,0,0,0,0,0,0,0,0,0,0,0,0,0,0,0,0,0,0,0,0,0,1,0,0,7,0,0,0,0,0,4093499805.9643025,34560939.408819936,0.0,0.0,2.8733043514588457,34560939.408819936
113,0,0,0,0,0,0,0,0,0,0,0,0,0,0,0,0,1,0,0,0,0,0,0,1,0,3,0,0,0,0,0,1876950050.389202,61447596.41809067,0.0,0.0,1.9495762605192388,61447596.41809067
114,0,1,0,0,0,0,1,1,1,1,1,1,0,0,1,2,0,0,0,0,0,0,7,0,0,4,0,1,0,0,0,331699803.8378197,51146806.230292745,796400000.0,13674.26946392036,0.03871304123058251,847560480.4997567
115,0,0,0,0,0,0,0,0,0,0,0,0,0,0,0,0,3,0,0,0,0,0,0,0,0,0,1,2,0,0,0,2542930213.4683146,56194929.638295,0.0,0.0,3.1058178612944274,56194929.638295
116,0,1,0,0,1,0,1,1,1,1,1,1,0,0,1,2,0,0,0,7,0,0,6,0,0,4,1,1,3,0,0,7345345.74067759,159468124.61890864,1014200000.0,398.14488359463394,0.000464071225903353,1173668522.7637923
117,0,0,0,0,0,0,1,1,0,0,0,0,0,0,0,1,1,0,0,0,0,0,0,0,4,2,3,0,0,0,0,897827957.7457405,75471359.5000604,61400000.0,19299.057343432847,0.24626304710681762,136890658.5574038
118,1,1,0,0,0,0,1,1,1,1,1,0,0,0,0,3,0,0,0,2,0,0,0,0,0,6,4,1,0,0,0,90097115.78139263,76110516.51476127,503700000.0,4736.722117511222,0.009094245661979477,579815253.2368788
119,0,0,0,0,0,0,0,0,1,0,0,0,0,0,0,0,3,0,0,7,0,0,5,0,6,9,6,1,6,0,3,14873466.244784778,304590464.7681675,30700000.0,0.0,0.022921129755989943,335290464.7681675
120,1,0,0,0,1,0,1,0,1,1,1,0,0,0,1,3,0,0,0,6,0,0,5,0,0,4,3,6,5,0,0,11857922.538150135,166808709.9872132,862300000.0,846.620356495936,0.000614812959040459,1029109556.6075696
121,0,0,0,0,0,0,0,0,0,0,1,0,0,0,0,2,4,0,0,7,0,0,3,0,0,6,1,4,3,0,0,107486020.36923026,208298010.51379678,121200000.0,3644.7042715627686,0.027012790876460763,329501655.21806836
122,0,0,0,0,0,0,0,0,0,0,0,0,0,0,0,2,0,0,0,0,0,0,0,0,0,2,0,0,0,0,0,5382337395.431588,7332080.219521779,0.0,124662.06357588424,0.7235098897276616,7456742.283097663
123,0,1,0,0,0,0,0,1,0,0,0,0,0,0,0,0,0,0,0,0,0,0,0,0,0,2,0,1,0,0,0,1463122823.658125,14092235.304915495,115300000.0,0.0,1.550464902572437,129392235.30491549
124,0,0,1,0,0,0,0,0,0,0,0,0,0,0,0,3,0,0,0,0,1,0,7,0,0,7,1,1,0,0,0,815807099.7516109,102995264.05238765,84600000.0,42918.97981507877,0.07975885146166053,187638183.03220272
125,0,1,0,0,0,0,0,0,0,0,0,0,0,0,0,1,0,0,0,0,0,0,5,0,0,6,0,1,0,0,0,1050964125.1981264,49117460.33726768,84600000.0,26941.081703879914,0.30283019950131906,133744401.41897157
126,1,1,0,0,0,0,1,0,1,1,1,1,0,0,0,2,0,0,0,7,0,0,4,0,0,5,5,2,4,0,3,2463936.2199320565,202236040.50905925,594200000.0,139.5875592932544,0.0001753307487102105,796436180.0966185
127,1,1,0,0,0,0,1,0,1,0,1,0,0,0,0,3,0,0,0,7,0,0,4,0,0,4,1,5,0,0,3,82519903.81983215,160089255.61017758,351800000.0,5168.709252449153,0.006311963456278113,511894424.31943005
128,0,1,0,0,0,1,1,1,1,1,1,1,0,0,1,1,0,0,0,5,0,0,5,0,0,6,0,6,0,0,0,48665541.44027094,116192709.27863643,1014200000.0,1441.208213331666,0.014429533723357943,1130394150.4868498
129,0,0,1,0,0,0,1,0,1,0,0,0,0,0,0,0,0,3,0,7,0,0,6,0,0,6,5,5,8,0,0,13955859.947728815,237615225.34260297,146000000.0,0.0,0.008030843667432938,383615225.34260297
130,1,1,0,0,0,0,1,1,1,0,1,0,0,0,0,3,0,0,0,0,0,0,0,0,0,7,0,2,0,0,0,442419918.01098293,23537919.412238494,382500000.0,24032.689135243272,0.041978625540383056,406061952.10137373
131,0,0,0,0,0,1,0,0,1,1,0,0,0,0,0,1,0,0,0,4,0,0,3,0,0,6,3,4,6,0,0,98979845.73933564,153876876.87797588,369700000.0,1883.2627278746545,0.03461386304836537,523578760.14070374
132,1,1,0,0,0,0,0,0,0,0,0,0,0,0,0,3,3,0,0,7,0,0,6,0,0,5,6,1,7,0,0,50177583.921406,226304202.63665417,169200000.0,2726.8542501423062,0.00652690820272065,395506929.4909043
133,0,1,0,0,0,0,1,0,0,0,0,0,0,0,0,0,3,0,0,7,0,7,7,0,0,7,5,5,7,0,0,3052312.9049290894,331608967.2335559,115300000.0,0.0,0.001675501725775685,446908967.2335559
134,0,0,1,0,0,1,0,0,0,1,1,1,0,0,0,0,0,0,0,7,0,0,6,0,0,5,2,6,3,0,0,2674285.3829794494,170731837.39476997,666000000.0,0.0,0.0012524057468687381,836731837.3947699
135,0,0,0,0,0,0,1,1,0,0,0,0,0,0,0,2,1,0,0,0,0,0,0,1,4,5,0,1,0,0,0,862605093.3633944,98845672.11572067,61400000.0,29988.87895399148,0.09947197617569925,160275660.99467468
136,0,0,0,0,0,0,0,0,0,0,0,0,0,0,0,1,2,0,0,7,0,0,7,3,0,9,0,1,0,0,0,541809942.3053895,202103410.97661588,0.0,15086.723212120578,0.16299653861290392,202118497.699828
137,1,0,0,0,0,0,0,0,0,1,0,0,0,0,0,1,0,0,0,6,0,0,7,0,0,5,0,5,0,0,0,176126264.3965186,124429092.12725419,205800000.0,5078.946636330917,0.051468871734082454,330234171.0738905
138,1,0,0,0,0,0,1,0,1,0,1,0,0,0,0,2,0,0,0,3,0,0,3,0,0,0,2,1,1,0,0,220985602.28724024,111170181.4055507,267200000.0,10618.629926704565,0.01861242159057015,378380800.0354774
139,0,0,0,0,0,0,0,0,0,0,0,0,0,0,0,0,2,1,0,4,0,0,7,0,0,4,3,1,5,0,0,132290690.42214233,223840980.08429766,0.0,0.0,0.09885494960116578,223840980.08429766
140,1,0,0,0,0,0,0,0,0,0,0,0,0,0,0,3,0,0,0,7,0,0,4,0,1,3,2,2,3,0,0,180741613.03947768,178526182.2568326,84600000.0,9286.58706379224,0.02165655467444927,263135468.8438964
141,0,1,0,0,0,0,0,0,0,0,0,0,0,0,0,1,0,0,0,0,0,0,0,0,0,4,0,2,0,0,0,2536412794.2117777,18081997.288140487,84600000.0,61765.16517695943,1.1202286595508872,102743762.45331745
142,0,0,0,0,0,0,1,1,1,0,0,0,0,0,0,1,3,0,0,3,0,0,1,0,0,1,0,2,3,0,0,235613575.38942093,154688442.87109578,92100000.0,7360.639772898609,0.04989824936786004,246795803.51086867
143,0,1,0,0,0,0,0,0,1,0,0,0,0,0,0,0,0,0,0,0,0,0,0,0,0,6,3,2,0,0,0,1424903604.2493048,32849061.76758905,115300000.0,0.0,1.5378571928986124,148149061.76758906
144,1,0,0,0,0,0,0,0,1,1,1,0,0,0,0,0,0,0,0,7,0,0,4,0,0,4,0,5,4,0,0,75811366.38575652,155452159.1952052,357700000.0,0.0,0.05574725829508613,513152159.1952052
145,0,0,0,0,0,0,1,0,0,0,0,0,0,0,0,1,1,0,0,0,0,0,0,0,0,2,3,0,0,0,0,1646326631.7454243,49067979.95775396,30700000.0,37339.83570493098,0.6044308950204501,79805319.7934589
146,1,0,0,0,0,0,1,0,0,0,0,0,0,0,0,2,0,0,0,0,0,0,0,0,0,2,2,0,0,0,0,1440851171.0159807,15173808.632728375,115300000.0,59867.12815890337,0.23156397882209903,130533675.76088727
147,0,1,0,0,0,0,0,0,0,1,0,0,0,0,0,3,0,0,0,6,0,0,7,0,0,2,0,1,1,0,0,152153087.32986912,139396114.56951666,205800000.0,9215.359804675896,0.008624526603609996,345205329.92932135
148,0,1,0,0,0,0,1,0,0,0,0,0,0,0,0,2,0,0,0,0,0,0,1,0,0,0,1,2,0,0,0,932974240.6410209,34202711.611239396,115300000.0,40819.40172198115,0.10560234353110709,149543531.0129614
149,1,0,0,0,0,0,0,1,0,0,0,0,0,0,0,2,0,0,0,7,0,0,4,0,3,2,0,2,0,0,0,258071337.08831146,142571564.35674366,115300000.0,12659.679114228755,0.028313564080005106,257884224.0358579
150,1,0,0,0,0,0,0,0,0,0,0,0,0,0,0,2,0,0,0,3,0,0,4,0,0,0,1,5,0,0,7,323393511.8554629,136207394.04588288,84600000.0,14240.362773182025,0.030951894686742754,220821634.40865606
151,1,0,0,0,0,0,1,0,1,0,0,0,0,0,0,0,0,0,0,0,0,0,0,0,0,2,0,1,0,0,0,744320374.529021,14092235.304915495,146000000.0,0.0,0.573714945687905,160092235.3049155
152,0,1,0,0,0,0,1,1,1,0,0,0,0,0,0,2,0,0,0,3,0,0,7,0,0,0,0,5,0,0,0,297917303.6453699,93133032.98767711,176700000.0,15296.405486445603,0.028919829597531026,269848329.39316356
153,0,1,0,0,0,0,1,1,1,1,0,0,0,0,0,3,0,0,0,0,0,0,0,0,0,10,0,5,0,0,0,465733195.64929026,35873302.62049332,297900000.0,24271.743738246645,0.043684785430042415,333797574.3642315
154,0,0,0,0,0,0,1,1,1,0,0,0,0,0,0,0,2,0,0,0,0,0,0,0,0,3,1,2,0,0,0,515659414.69800615,61086568.22861412,92100000.0,0.0,0.40220479135361575,153186568.22861412
155,1,0,0,0,0,0,0,1,1,1,0,0,0,0,0,0,0,0,0,0,0,0,0,0,1,1,2,2,0,0,0,526699025.4767261,42312398.594030865,267200000.0,0.0,0.4001557287007906,309512398.59403086
156,0,0,0,0,0,0,1,0,1,0,1,1,0,0,0,3,3,0,0,6,0,0,7,2,0,6,3,5,6,0,1,2660061.7815977326,279412397.60308516,303800000.0,179.28895189529675,0.0001605298016764727,583212576.892037
157,0,1,0,0,0,0,1,1,0,0,0,0,0,0,0,2,0,0,0,0,0,0,0,0,0,7,3,2,0,0,0,660310886.2902329,35216646.05860828,146000000.0,27795.835194275598,0.08172310340014126,181244441.89380258
158,0,1,0,0,0,0,1,0,0,0,0,0,0,0,0,2,2,0,0,7,0,0,6,1,0,6,3,0,5,1,2,6869389.158671077,289762942.2683904,115300000.0,363.78645466320324,0.0005308651030474255,405063306.0548451
159,1,0,0,0,0,0,0,1,0,0,0,0,0,0,0,0,0,0,0,4,0,0,3,0,5,6,0,5,7,0,1,105558757.77931757,211406403.40000886,115300000.0,0.0,0.0902216452808492,326706403.40000886
160,1,0,0,0,0,0,0,1,1,0,0,0,0,0,0,2,0,0,0,3,0,0,1,0,0,0,3,2,0,0,1,274720546.22919595,109742295.95599404,146000000.0,12476.844808314603,0.030166159813782935,255754772.80080235
161,1,0,0,0,0,0,0,0,0,0,0,0,0,0,0,2,0,0,0,7,0,0,7,0,0,5,2,5,3,0,1,114464596.41681416,199327028.75940686,84600000.0,4508.069097390713,0.012374882309159677,283931536.82850426
162,1,0,0,0,0,0,0,0,0,0,0,0,0,0,0,2,2,0,0,7,0,0,5,0,0,5,1,2,3,0,0,123370473.69566351,197236217.61123037,84600000.0,5424.521711290373,0.023154690624495898,281841642.13294166
163,1,0,1,0,0,0,1,0,0,0,1,0,0,0,0,1,0,0,0,7,0,0,4,0,0,2,0,1,0,0,0,138528902.35569808,113811065.11817059,321100000.0,4497.120561049282,0.029562937443022727,434915562.2387317
164,1,0,0,0,1,0,1,0,1,1,0,1,0,0,0,1,0,0,0,6,0,0,5,0,0,5,0,5,2,0,0,17119950.173443478,146584157.48719582,606200000.0,550.2388952608721,0.003914281339543283,752784707.7260911
165,0,0,0,0,0,0,0,1,0,0,0,0,0,0,0,0,3,0,0,7,0,0,7,0,1,3,0,2,0,7,0,106280956.75287327,236267008.6699686,30700000.0,0.0,0.04673764178430444,266967008.6699686
166,0,0,0,0,0,1,1,1,1,0,0,0,0,0,0,3,0,0,0,0,0,0,0,0,0,0,0,2,0,0,0,614243224.3069304,7332080.219521779,309900000.0,34928.6742327605,0.050839687284995175,317267008.89375454
167,0,0,0,0,0,0,1,0,1,0,0,0,0,0,0,0,3,0,0,7,0,0,7,0,0,5,3,1,3,0,3,73201741.42317942,243089224.0151618,61400000.0,0.0,0.04596789709206406,304489224.0151618
168,1,0,0,0,0,0,0,1,1,0,0,1,0,0,0,1,0,0,0,7,0,0,3,0,0,6,1,5,3,0,0,70955193.70485684,162187858.81370577,267200000.0,1444.3957793845445,0.024427952002191423,429389303.2094852
169,1,0,0,0,1,0,0,0,0,0,0,0,0,0,0,3,0,0,0,7,0,0,7,3,0,5,1,1,4,0,0,40534892.769667186,197807037.26220533,302400000.0,2515.108610925793,0.0028594908251914847,500209552.3708163
170,0,0,0,0,0,0,1,0,0,0,0,0,0,0,0,0,0,0,0,0,0,0,0,0,0,2,1,1,0,0,0,3574330463.8007402,21083390.673844058,30700000.0,0.0,2.44239335625723,51783390.673844054
171,0,0,0,0,0,0,1,0,0,0,0,0,0,0,0,1,3,0,0,5,0,0,3,0,0,1,0,1,0,3,0,267049855.5705687,169108754.85310763,30700000.0,8148.212080314398,0.07117821345432356,199816903.06518793
172,0,1,0,0,0,0,0,0,0,0,0,0,0,0,0,3,0,0,0,6,0,0,5,0,0,1,2,1,1,0,1,252087829.03974098,166668051.12410402,84600000.0,14233.689350205219,0.024397203663801287,251282284.81345424
173,0,0,0,0,0,0,1,1,0,0,0,0,0,0,0,0,3,0,1,7,0,0,4,0,0,5,3,1,7,0,0,23958735.778933495,251704931.97221133,61400000.0,0.0,0.015431650110365285,313104931.97221136
174,1,0,0,0,0,0,1,1,0,0,1,0,0,0,0,1,0,0,0,0,0,0,0,0,3,3,2,2,0,0,0,490097284.47230107,49434513.25463985,267200000.0,12353.886368229709,0.13966892956413354,316646867.1410081
175,1,0,0,0,0,0,0,0,0,0,0,0,0,0,0,2,0,0,0,0,0,0,0,0,0,2,2,0,0,0,0,2538713061.1469364,15173808.632728375,84600000.0,102683.53313067382,0.46689130505738125,99876492.16585904
176,1,0,0,0,0,0,0,1,0,0,0,0,0,0,0,3,0,0,0,3,0,0,5,0,1,0,1,2,0,0,0,353604662.0322225,114557291.18205555,115300000.0,20613.778811807315,0.02660221588156885,229877904.96086735
177,0,0,0,0,0,0,0,0,0,0,0,0,0,0,0,0,3,0,0,7,0,0,10,0,2,5,1,2,4,0,0,58719676.7170905,251735026.88279465,0.0,0.0,0.045109118998716516,251735026.88279465
178,1,0,0,0,0,0,1,0,0,0,0,0,0,0,0,0,1,0,0,7,0,0,7,0,0,6,2,2,4,1,0,17370839.787057802,233397320.49014032,115300000.0,0.0,0.013850935826543937,348697320.4901403
